model,accuracy,balanced_accuracy,f1,precision,recall,roc_auc,pr_auc
hist_gb,0.8462525920805767,0.8467943065650247,0.81179741327209,0.7774947904607548,0.8492665655032878,0.9275029516910861,0.8727261888355583
random_forest,0.8242322504196702,0.8364138958790713,0.7985057731491962,0.7227459016393443,0.8920080930703086,0.9103758507134657,0.8296025177451564
log_reg,0.8073466969487508,0.817881254055528,0.7782702579838618,0.7067079463364293,0.8659585230146687,0.897991940525176,0.8071444046930079
