model,accuracy,balanced_accuracy,f1,precision,recall,roc_auc,pr_auc
hist_gb,0.8462525920805767,0.8467943065650247,0.81179741327209,0.7774947904607548,0.8492665655032878,0.9275029516910861,0.8727261888355583
random_forest,0.8245284881998618,0.8367023458907519,0.798822597079135,0.7230989956958394,0.8922610015174507,0.9110852890207252,0.8323451467913807
log_reg,0.8074454428754814,0.8179622519495828,0.7783587178904297,0.7068538398018167,0.8659585230146687,0.8980182023613366,0.8072787417750964
most_popular_offer,0.6545867482966328,0.6044831453502088,0.45935085007727977,0.5906200317965024,0.3758219524532119,0.6694994625132159,0.5288054008446552
svd_collaborative,0.6095586057075145,0.5,0.0,0.0,0.0,0.5,0.3904413942924854
